"","X","lon2","lat2","Cod.Barco","Vel.VMS","Rumbo.VMS","Puerto.0.Mar.1","Dist.Puerto","Dif.Tiempo","Dist.Emisiones","Vel.Cal","Cambio.Rumbo.Calc","Cod.Viaje.VMS","Move","Dist.Costa","Flota","Dur.Viaje","month","ind.t","DATE.INTERP","LONGITUDE","LATITUDE","Date"
"756882","2118-6.844861",-5106964,2106551,2118,6.8,259.8339,1,0.9113526,1.037222,1.210681,1.167234,100.1661,"2118-6",NA,NA,NA,3.422488,7,0,2016-07-10 00:00:00,-78.6264,-9.0821,2016-07-09 19:00:00
"756883","2118-6.1",-5107072,2106868,2118,6.8,259.8339,1,0.9113526,1.037222,1.210681,1.167234,100.1661,"2118-6",NA,NA,NA,3.422488,7,0,2016-07-10 00:10:00,-78.62856,-9.081625,2016-07-09 19:00:00
"756884","2118-6.2",-5107832,2109685,2118,7,291.4577,0,2.04878,0.1463889,1.039379,7.100119,68.54233,"2118-6",NA,NA,NA,3.422488,7,0,2016-07-10 00:20:00,-78.64594,-9.075357,2016-07-09 19:00:00
"756885","2118-6.3",-5108593,2112530,2118,7.1,290.1839,0,3.062245,0.1494444,1.060939,7.099219,69.81614,"2118-6",NA,NA,NA,3.422488,7,0,2016-07-10 00:30:00,-78.66343,-9.068961,2016-07-09 19:00:00
"756886","2118-6.4",-5109316,2115402,2118,7.4,291.457,0,3.721747,0.1458333,1.039343,7.126922,68.54296,"2118-6",NA,NA,NA,3.422488,7,0,2016-07-10 00:40:00,-78.68069,-9.062053,2016-07-09 19:00:00
"756887","2118-6.5",-5109939,2118321,2118,6.7,294.664,0,4.336886,0.1708333,1.214151,7.107225,65.33596,"2118-6",NA,NA,NA,3.422488,7,0,2016-07-10 00:50:00,-78.69724,-9.053925,2016-07-09 19:00:00
"756888","2118-6.6",-5110340,2121391,2118,6.7,305.2721,0,4.740538,0.1472222,1.089934,7.403325,54.7279,"2118-6",NA,NA,NA,3.422488,7,0,2016-07-10 01:00:00,-78.71238,-9.042819,2016-07-09 19:00:00
"756889","2118-6.7",-5110645,2124492,2118,7.4,310.0122,0,4.866161,0.1347222,1.004672,7.457358,49.98779,"2118-6",NA,NA,NA,3.422488,7,0,2016-07-10 01:10:00,-78.72676,-9.03059,2016-07-09 19:00:00
"756890","2118-6.8",-5110883,2127629,2118,7.4,315.6031,0,5.756185,0.14,1.07493,7.678074,44.3969,"2118-6",NA,NA,NA,3.422488,7,0,2016-07-10 01:20:00,-78.74071,-9.017528,2016-07-09 19:00:00
"756891","2118-6.9",-5111148,2130769,2118,6.8,310.513,0,6.54894,0.1613889,1.219968,7.559181,49.48696,"2118-6",NA,NA,NA,3.422488,7,0,2016-07-10 01:30:00,-78.75492,-9.004734,2016-07-09 19:00:00
"756892","2118-6.10",-5111540,2133870,2118,6.9,305.268,0,7.405703,0.1461111,1.089492,7.456601,54.73202,"2118-6",NA,NA,NA,3.422488,7,0,2016-07-10 01:40:00,-78.77012,-8.993421,2016-07-09 19:00:00
"756893","2118-6.11",-5111770,2136991,2118,7.2,315.799,0,8.318881,0.1591667,1.210738,7.606734,44.20102,"2118-6",NA,NA,NA,3.422488,7,0,2016-07-10 01:50:00,-78.78395,-8.980377,2016-07-09 19:00:00
"756894","2118-6.12",-5112162,2140120,2118,7.3,305.4115,0,9.246102,0.1391667,1.051353,7.554632,54.58848,"2118-6",NA,NA,NA,3.422488,7,0,2016-07-10 02:00:00,-78.79928,-8.968947,2016-07-09 19:00:00
"756895","2118-6.13",-5112615,2143226,2118,7.3,304.189,0,10.3416,0.16,1.199836,7.498978,55.81097,"2118-6",NA,NA,NA,3.422488,7,0,2016-07-10 02:10:00,-78.81507,-8.958267,2016-07-09 19:00:00
"756896","2118-6.14",-5112969,2146361,2118,6.6,308.6291,0,11.35425,0.1477778,1.117692,7.563332,51.37086,"2118-6",NA,NA,NA,3.422488,7,0,2016-07-10 02:20:00,-78.8301,-8.946448,2016-07-09 19:00:00
"756897","2118-6.15",-5113290,2149480,2118,7.2,307.9798,0,12.26231,0.1297222,0.9819242,7.569437,52.02017,"2118-6",NA,NA,NA,3.422488,7,0,2016-07-10 02:30:00,-78.84478,-8.934387,2016-07-09 19:00:00
"756898","2118-6.16",-5113471,2152416,2118,6.6,312.6983,0,13.46459,0.1763889,1.316992,7.466409,47.30169,"2118-6",NA,NA,NA,3.422488,7,0,2016-07-10 02:40:00,-78.85751,-8.921811,2016-07-09 19:00:00
"756899","2118-6.17",-5113516,2155179,2118,6.3,320.6359,0,15.17901,0.1327778,0.9664074,7.278382,39.3641,"2118-6",NA,NA,NA,3.422488,7,0,2016-07-10 02:50:00,-78.86838,-8.908718,2016-07-09 19:00:00
"756900","2118-6.18",-5113589,2158180,2118,4,318.9192,0,16.28298,0.1630556,1.20383,7.382943,41.08081,"2118-6",NA,NA,NA,3.422488,7,0,2016-07-10 03:00:00,-78.88042,-8.894757,2016-07-09 19:00:00
"756901","2118-6.19",-5113561,2159624,2118,0.8,340.6804,0,16.44572,0.1383333,0.2134801,1.54323,19.31961,"2118-6",NA,NA,NA,3.422488,7,0,2016-07-10 03:10:00,-78.88565,-8.887397,2016-07-09 19:00:00
"756902","2118-6.20",-5113473,2160092,2118,1.2,343.4728,0,16.59523,0.1641667,0.2020074,1.230502,16.52723,"2118-6",NA,NA,NA,3.422488,7,0,2016-07-10 03:20:00,-78.88664,-8.884223,2016-07-09 19:00:00
"756903","2118-6.21",-5113394,2160549,2118,2,341.0344,0,16.71664,0.1261111,0.157913,1.252174,18.96558,"2118-6",NA,NA,NA,3.422488,7,0,2016-07-10 03:30:00,-78.88767,-8.881178,2016-07-09 19:00:00
"756904","2118-6.22",-5113309,2161000,2118,2.1,342.3813,0,16.86117,0.1508333,0.1901462,1.260638,17.61866,"2118-6",NA,NA,NA,3.422488,7,0,2016-07-10 03:40:00,-78.88862,-8.878119,2016-07-09 19:00:00
"756905","2118-6.23",-5113221,2161413,2118,1.2,345.6323,0,16.99217,0.1558333,0.1789065,1.148063,14.36765,"2118-6",NA,NA,NA,3.422488,7,0,2016-07-10 03:50:00,-78.88941,-8.875205,2016-07-09 19:00:00
"756906","2118-6.24",-5113134,2161842,2118,2.4,343.7019,0,17.12944,0.15,0.1814704,1.209803,16.2981,"2118-6",NA,NA,NA,3.422488,7,0,2016-07-10 04:00:00,-78.89026,-8.872226,2016-07-09 19:00:00
"756907","2118-6.25",-5113049,2162255,2118,1.1,345.2217,0,17.27818,0.1702778,0.1993635,1.170814,14.77833,"2118-6",NA,NA,NA,3.422488,7,0,2016-07-10 04:10:00,-78.89106,-8.869334,2016-07-09 19:00:00
"756908","2118-6.26",-5112961,2162664,2118,1.7,347.1554,0,17.5228,0.145,0.1704484,1.175506,12.84456,"2118-6",NA,NA,NA,3.422488,7,0,2016-07-10 04:20:00,-78.89184,-8.866446,2016-07-09 19:00:00
"756909","2118-6.27",-5112846,2163723,2118,4.6,332.5296,0,18.01405,0.1502778,0.5651186,3.760494,27.47039,"2118-6",NA,NA,NA,3.422488,7,0,2016-07-10 04:30:00,-78.89483,-8.860102,2016-07-09 19:00:00
"756910","2118-6.28",-5112778,2165865,2118,6.2,324.736,0,18.889,0.1577778,0.9452626,5.991101,35.26401,"2118-6",NA,NA,NA,3.422488,7,0,2016-07-10 04:40:00,-78.90237,-8.848938,2016-07-09 19:00:00
"756911","2118-6.29",-5112587,2168542,2118,6.6,332.4032,0,19.80204,0.145,1.027266,7.084594,27.59676,"2118-6",NA,NA,NA,3.422488,7,0,2016-07-10 04:50:00,-78.91085,-8.833912,2016-07-09 19:00:00
"756912","2118-6.30",-5112171,2171244,2118,6.7,340.2958,0,20.67038,0.1411111,1.028778,7.290556,19.70417,"2118-6",NA,NA,NA,3.422488,7,0,2016-07-10 05:00:00,-78.91741,-8.816492,2016-07-09 19:00:00
"756913","2118-6.31",-5111724,2173901,2118,6.9,341.447,0,21.5937,0.1508333,1.087197,7.207938,18.553,"2118-6",NA,NA,NA,3.422488,7,0,2016-07-10 05:10:00,-78.92354,-8.798991,2016-07-09 19:00:00
"756914","2118-6.32",-5111351,2176628,2118,6.6,337.6424,0,22.68134,0.1686111,1.222337,7.249448,22.35761,"2118-6",NA,NA,NA,3.422488,7,0,2016-07-10 05:20:00,-78.93061,-8.781906,2016-07-09 19:00:00
"756915","2118-6.33",-5110937,2179285,2118,6.7,338.5724,0,23.5639,0.1383333,0.9877555,7.140401,21.42755,"2118-6",NA,NA,NA,3.422488,7,0,2016-07-10 05:30:00,-78.93705,-8.764743,2016-07-09 19:00:00
"756916","2118-6.34",-5110475,2181990,2118,7.1,342.1175,0,24.42323,0.1366667,0.9788768,7.162513,17.88253,"2118-6",NA,NA,NA,3.422488,7,0,2016-07-10 05:40:00,-78.94326,-8.746878,2016-07-09 19:00:00
"756917","2118-6.35",-5110134,2184894,2118,7.8,330.9259,0,26.72771,0.1572222,1.20876,7.688228,29.07405,"2118-6",NA,NA,NA,3.422488,7,0,2016-07-10 05:50:00,-78.95131,-8.729271,2016-07-09 19:00:00
"756918","2118-6.36",-5110032,2187988,2118,6.5,321.9769,0,27.84511,0.1455556,1.131762,7.775467,38.0231,"2118-6",NA,NA,NA,3.422488,7,0,2016-07-10 06:00:00,-78.96223,-8.713167,2016-07-09 19:00:00
"756919","2118-6.37",-5109970,2191146,2118,7.3,325.8212,0,28.64592,0.1336111,1.050936,7.865637,34.17876,"2118-6",NA,NA,NA,3.422488,7,0,2016-07-10 06:10:00,-78.97377,-8.697169,2016-07-09 19:00:00
"756920","2118-6.38",-5109820,2194276,2118,7.8,328.1872,0,27.59382,0.1516667,1.192144,7.86029,31.81277,"2118-6",NA,NA,NA,3.422488,7,0,2016-07-10 06:20:00,-78.98442,-8.680424,2016-07-09 19:00:00
"756921","2118-6.39",-5109674,2197372,2118,7.4,328.151,0,26.58727,0.1477778,1.153493,7.805593,31.84902,"2118-6",NA,NA,NA,3.422488,7,0,2016-07-10 06:30:00,-78.99499,-8.6639,2016-07-09 19:00:00
"756922","2118-6.40",-5109728,2200237,2118,4.4,319.5693,0,25.73477,0.1494444,1.075209,7.194708,40.4307,"2118-6",NA,NA,NA,3.422488,7,0,2016-07-10 06:40:00,-79.00646,-8.650523,2016-07-09 19:00:00
"756923","2118-6.41",-5109759,2202124,2118,5.2,320.5713,0,25.04983,0.145,0.8697724,5.998431,39.42866,"2118-6",NA,NA,NA,3.422488,7,0,2016-07-10 06:50:00,-79.01398,-8.641678,2016-07-09 19:00:00
"756924","2118-6.42",-5109796,2202624,2118,0.8,312.8481,0,24.89813,0.1719444,0.2149588,1.250164,47.15185,"2118-6",NA,NA,NA,3.422488,7,0,2016-07-10 07:00:00,-79.01623,-8.639625,2016-07-09 19:00:00
"756925","2118-6.43",-5109824,2203062,2118,0,311.9583,0,24.78801,0.1461111,0.1589315,1.087744,48.04173,"2118-6",NA,NA,NA,3.422488,7,0,2016-07-10 07:10:00,-79.01816,-8.637789,2016-07-09 19:00:00
"756926","2118-6.44",-5109897,2204364,2118,7.1,314.6403,0,24.13123,0.1658333,0.7854381,4.73631,45.3597,"2118-6",NA,NA,NA,3.422488,7,0,2016-07-10 07:20:00,-79.02381,-8.632203,2016-07-09 19:00:00
"756927","2118-6.45",-5109969,2206874,2118,6.6,320.1731,0,23.38984,0.14,0.9958905,7.113504,39.82694,"2118-6",NA,NA,NA,3.422488,7,0,2016-07-10 07:30:00,-79.0341,-8.620759,2016-07-09 19:00:00
"756928","2118-6.46",-5109995,2209922,2118,7.7,321.0276,0,22.49589,0.1611111,1.222831,7.589986,38.97238,"2118-6",NA,NA,NA,3.422488,7,0,2016-07-10 07:40:00,-79.04606,-8.606252,2016-07-09 19:00:00
"756929","2118-6.47",-5110053,2213144,2118,7.8,319.2252,0,21.69385,0.1469444,1.167903,7.94792,40.77478,"2118-6",NA,NA,NA,3.422488,7,0,2016-07-10 07:50:00,-79.05897,-8.591234,2016-07-09 19:00:00
"756930","2118-6.48",-5109991,2216342,2118,6.7,324.7685,0,20.79992,0.1580556,1.25065,7.912726,35.23148,"2118-6",NA,NA,NA,3.422488,7,0,2016-07-10 08:00:00,-79.07074,-8.57512,2016-07-09 19:00:00
"756931","2118-6.49",-5110097,2219601,2118,7.2,317.4918,0,20.12801,0.1402778,1.109286,7.907784,42.50816,"2118-6",NA,NA,NA,3.422488,7,0,2016-07-10 08:10:00,-79.08424,-8.560425,2016-07-09 19:00:00
"756932","2118-6.50",-5110265,2222921,2118,7,315.9511,0,19.42828,0.1586111,1.276061,8.045218,44.04887,"2118-6",NA,NA,NA,3.422488,7,0,2016-07-10 08:20:00,-79.09854,-8.546071,2016-07-09 19:00:00
"756933","2118-6.51",-5110488,2226230,2118,7.1,312.3987,0,18.8834,0.1491667,1.190856,7.983395,47.60135,"2118-6",NA,NA,NA,3.422488,7,0,2016-07-10 08:30:00,-79.11331,-8.532356,2016-07-09 19:00:00
"756934","2118-6.52",-5110617,2229509,2118,7.4,315.5768,0,18.42139,0.1283333,1.023297,7.973746,44.42315,"2118-6",NA,NA,NA,3.422488,7,0,2016-07-10 08:40:00,-79.12713,-8.517837,2016-07-09 19:00:00
"756935","2118-6.53",-5110726,2232766,2118,7.3,317.9713,0,17.81547,0.1783333,1.413389,7.925544,42.02873,"2118-6",NA,NA,NA,3.422488,7,0,2016-07-10 08:50:00,-79.14069,-8.503228,2016-07-09 19:00:00
"756936","2118-6.54",-5110830,2236008,2118,7.1,318.4042,0,17.07292,0.1322222,1.039269,7.860019,41.59576,"2118-6",NA,NA,NA,3.422488,7,0,2016-07-10 09:00:00,-79.15416,-8.488655,2016-07-09 19:00:00
"756937","2118-6.55",-5110730,2238740,2118,0.6,329.3739,0,16.64179,0.1636111,1.050463,6.420488,30.62614,"2118-6",NA,NA,NA,3.422488,7,0,2016-07-10 09:10:00,-79.16386,-8.474481,2016-07-09 19:00:00
"756938","2118-6.56",-5110766,2239652,2118,3.7,284.9063,0,16.67336,0.1377778,0.1225323,0.8893472,75.09367,"2118-6",NA,NA,NA,3.422488,7,0,2016-07-10 09:20:00,-79.16771,-8.47045,2016-07-09 19:00:00
"756939","2118-6.57",-5110861,2240343,2118,6.9,305.0725,0,16.66453,0.1652778,0.2865641,1.733833,54.92755,"2118-6",NA,NA,NA,3.422488,7,0,2016-07-10 09:30:00,-79.17123,-8.468089,2016-07-09 19:00:00
"756940","2118-6.58",-5111240,2242694,2118,6.7,294.9782,0,16.7705,0.1255556,0.7202056,5.736151,65.02182,"2118-6",NA,NA,NA,3.422488,7,0,2016-07-10 09:40:00,-79.18371,-8.46062,2016-07-09 19:00:00
"756941","2118-6.59",-5111209,2245765,2118,7.1,322.3692,0,16.55116,0.1508333,1.139198,7.552696,37.63078,"2118-6",NA,NA,NA,3.422488,7,0,2016-07-10 09:50:00,-79.19534,-8.445528,2016-07-09 19:00:00
"756942","2118-6.60",-5111133,2248680,2118,7.7,323.4925,0,16.38551,0.1561111,1.179368,7.554674,36.50754,"2118-6",NA,NA,NA,3.422488,7,0,2016-07-10 10:00:00,-79.20599,-8.430741,2016-07-09 19:00:00
"756943","2118-6.61",-5110982,2251240,2118,6.9,327.0161,0,16.26155,0.1508333,0.9851251,6.531216,32.98389,"2118-6",NA,NA,NA,3.422488,7,0,2016-07-10 10:10:00,-79.2146,-8.416918,2016-07-09 19:00:00
"756944","2118-6.62",-5110662,2253685,2118,6.6,344.2678,0,15.91155,0.1372222,0.9131177,6.654299,15.7322,"2118-6",NA,NA,NA,3.422488,7,0,2016-07-10 10:20:00,-79.22126,-8.401922,2016-07-09 19:00:00
"756945","2118-6.63",-5109839,2255118,2118,6.4,23.30795,0,15.31778,0.145,0.7632765,5.263976,23.30795,"2118-6",NA,NA,NA,3.422488,7,0,2016-07-10 10:30:00,-79.21954,-8.386691,2016-07-09 19:00:00
"756946","2118-6.64",-5108975,2256195,2118,6.3,9.800749,0,14.88984,0.1519444,0.7563106,4.977547,9.800749,"2118-6",NA,NA,NA,3.422488,7,0,2016-07-10 10:40:00,-79.21606,-8.372749,2016-07-09 19:00:00
"756947","2118-6.65",-5108949,2257930,2118,6.4,310.7284,0,15.13001,0.1563889,0.6997322,4.474309,49.27163,"2118-6",NA,NA,NA,3.422488,7,0,2016-07-10 10:50:00,-79.22258,-8.364156,2016-07-09 19:00:00
"756948","2118-6.66",-5109743,2258791,2118,5.9,241.9619,0,15.70373,0.1452778,0.5739348,3.950603,118.0381,"2118-6",NA,NA,NA,3.422488,7,0,2016-07-10 11:00:00,-79.23298,-8.368091,2016-07-09 19:00:00
"756949","2118-6.67",-5109456,2259278,2118,6,18.83754,0,15.59064,0.1413889,0.1756955,1.24264,18.83754,"2118-6",NA,NA,NA,3.422488,7,0,2016-07-10 11:10:00,-79.23233,-8.362846,2016-07-09 19:00:00
"756950","2118-6.68",-5108944,2261390,2118,5.9,352.0707,0,15.41225,0.1508333,0.8999798,5.966717,7.929262,"2118-6",NA,NA,NA,3.422488,7,0,2016-07-10 11:20:00,-79.23602,-8.347519,2016-07-09 19:00:00
"756951","2118-6.69",-5108829,2264015,2118,6.7,330.1287,0,15.62234,0.1677778,1.085523,6.470002,29.87129,"2118-6",NA,NA,NA,3.422488,7,0,2016-07-10 11:30:00,-79.24523,-8.333765,2016-07-09 19:00:00
"756952","2118-6.70",-5108947,2266876,2118,7.3,315.306,0,15.62899,0.1394444,0.9604971,6.888027,44.69402,"2118-6",NA,NA,NA,3.422488,7,0,2016-07-10 11:40:00,-79.25744,-8.321263,2016-07-09 19:00:00
"756953","2118-6.71",-5108681,2268484,2118,5.7,11.31683,0,14.78516,0.17,0.534,3.141177,11.31683,"2118-6",NA,NA,NA,3.422488,7,0,2016-07-10 11:50:00,-79.26136,-8.310866,2016-07-09 19:00:00
"756954","2118-6.72",-5108360,2268754,2118,1.4,52.31911,0,14.68079,0.1563889,0.1156605,0.7395701,52.31911,"2118-6",NA,NA,NA,3.422488,7,0,2016-07-10 12:00:00,-79.25957,-8.306313,2016-07-09 19:00:00
"756955","2118-6.73",-5108284,2268791,2118,0,341.7455,0,14.65457,0.1455556,0.04073795,0.2798791,18.2545,"2118-6",NA,NA,NA,3.422488,7,0,2016-07-10 12:10:00,-79.25904,-8.305367,2016-07-09 19:00:00
"756956","2118-6.74",-5108293,2268883,2118,0,296.7499,0,14.65334,0.1333333,0.02882232,0.2161674,63.25014,"2118-6",NA,NA,NA,3.422488,7,0,2016-07-10 12:20:00,-79.25948,-8.305011,2016-07-09 19:00:00
"756957","2118-6.75",-5108293,2268973,2118,0.7,323.5111,0,14.63968,0.1522222,0.03292993,0.216328,36.48893,"2118-6",NA,NA,NA,3.422488,7,0,2016-07-10 12:30:00,-79.25983,-8.30458,2016-07-09 19:00:00
"756958","2118-6.76",-5108306,2269116,2118,0,303.9251,0,14.63293,0.1472222,0.04705737,0.319635,56.07488,"2118-6",NA,NA,NA,3.422488,7,0,2016-07-10 12:40:00,-79.26051,-8.304039,2016-07-09 19:00:00
"756959","2118-6.77",-5108296,2269305,2118,0,326.588,0,14.60095,0.1494444,0.07120383,0.4764568,33.41198,"2118-6",NA,NA,NA,3.422488,7,0,2016-07-10 12:50:00,-79.26115,-8.303027,2016-07-09 19:00:00
"756960","2118-6.78",-5108250,2269537,2118,1.3,331.2009,0,14.56693,0.1447222,0.06748376,0.4662985,28.79906,"2118-6",NA,NA,NA,3.422488,7,0,2016-07-10 13:00:00,-79.26165,-8.301446,2016-07-09 19:00:00
"756961","2118-6.79",-5108150,2269828,2118,0.6,351.0034,0,14.45023,0.1725,0.1593251,0.923624,8.996632,"2118-6",NA,NA,NA,3.422488,7,0,2016-07-10 13:10:00,-79.2619,-8.299038,2016-07-09 19:00:00
"756962","2118-6.80",-5108046,2270079,2118,0.9,356.6687,0,14.26213,0.1347222,0.1053359,0.7818745,3.331312,"2118-6",NA,NA,NA,3.422488,7,0,2016-07-10 13:20:00,-79.26196,-8.296783,2016-07-09 19:00:00
"756963","2118-6.81",-5107949,2270342,2118,1,355.082,0,14.15235,0.1663889,0.1435188,0.8625506,4.918021,"2118-6",NA,NA,NA,3.422488,7,0,2016-07-10 13:30:00,-79.26214,-8.294545,2016-07-09 19:00:00
"756964","2118-6.82",-5107855,2270634,2118,0.5,351.5849,0,14.06048,0.1402778,0.1270376,0.9056144,8.415142,"2118-6",NA,NA,NA,3.422488,7,0,2016-07-10 13:40:00,-79.26244,-8.292192,2016-07-09 19:00:00
"756965","2118-6.83",-5107314,2270223,2118,6.2,63.81765,0,13.70132,0.1594444,0.4512714,2.830273,63.81765,"2118-6",NA,NA,NA,3.422488,7,0,2016-07-10 13:50:00,-79.25604,-8.288658,2016-07-09 19:00:00
"756966","2118-6.84",-5106698,2269676,2118,2.1,64.23615,0,13.38394,0.1475,0.4075827,2.763272,64.23615,"2118-6",NA,NA,NA,3.422488,7,0,2016-07-10 14:00:00,-79.24845,-8.285024,2016-07-09 19:00:00
"756967","2118-6.85",-5106109,2269389,2118,3.8,55.82563,0,13.02148,0.1591667,0.4177732,2.624753,55.82563,"2118-6",NA,NA,NA,3.422488,7,0,2016-07-10 14:10:00,-79.24211,-8.280415,2016-07-09 19:00:00
"756968","2118-6.86",-5105951,2270508,2118,3.5,339.0478,0,12.75973,0.1391667,0.4304202,3.092839,20.95224,"2118-6",NA,NA,NA,3.422488,7,0,2016-07-10 14:20:00,-79.24508,-8.273455,2016-07-09 19:00:00
"756969","2118-6.87",-5105898,2271353,2118,1.4,327.1265,0,12.59155,0.1588889,0.3849562,2.422801,32.87348,"2118-6",NA,NA,NA,3.422488,7,0,2016-07-10 14:30:00,-79.24791,-8.268872,2016-07-09 19:00:00
"756970","2118-6.88",-5106049,2271660,2118,1.1,337.2819,0,12.49095,0.1488889,0.1833523,1.231471,22.71813,"2118-6",NA,NA,NA,3.422488,7,0,2016-07-10 14:40:00,-79.25045,-8.268933,2016-07-09 19:00:00
"756971","2118-6.89",-5106710,2272500,2118,6.6,266.4404,0,13.18352,0.1777778,0.7637836,4.296283,93.55958,"2118-6",NA,NA,NA,3.422488,7,0,2016-07-10 14:50:00,-79.25959,-8.271636,2016-07-09 19:00:00
"756972","2118-6.90",-5106741,2272983,2118,4.7,57.48315,0,12.8078,0.1488889,0.4171828,2.801974,57.48315,"2118-6",NA,NA,NA,3.422488,7,0,2016-07-10 15:00:00,-79.26175,-8.269636,2016-07-09 19:00:00
"756973","2118-6.91",-5106842,2272810,2118,6.5,219.2656,0,13.13154,0.1327778,0.3245267,2.444134,140.7344,"2118-6",NA,NA,NA,3.422488,7,0,2016-07-10 15:10:00,-79.26197,-8.27149,2016-07-09 19:00:00
"756974","2118-6.92",-5108000,2272991,2118,6,225.4183,0,14.02828,0.1641667,0.913595,5.565045,134.5817,"2118-6",NA,NA,NA,3.422488,7,0,2016-07-10 15:20:00,-79.27293,-8.282383,2016-07-09 19:00:00
"756975","2118-6.93",-5108574,2273765,2118,5.6,266.2688,0,14.22624,0.1375,0.3640658,2.647751,93.73125,"2118-6",NA,NA,NA,3.422488,7,0,2016-07-10 15:30:00,-79.28105,-8.284513,2016-07-09 19:00:00
"756976","2118-6.94",-5107770,2274617,2118,1.2,15.72255,0,13.55916,0.1647222,0.7404937,4.495409,15.72255,"2118-6",NA,NA,NA,3.422488,7,0,2016-07-10 15:40:00,-79.27726,-8.27228,2016-07-09 19:00:00
"756977","2118-6.95",-5106804,2273477,2118,6.1,70.31086,0,13.11559,0.1258333,0.5674077,4.5092,70.31086,"2118-6",NA,NA,NA,3.422488,7,0,2016-07-10 15:50:00,-79.26424,-8.267917,2016-07-09 19:00:00
"756978","2118-6.96",-5106094,2272700,2118,6.1,73.77462,0,12.59254,0.1505556,0.7318423,4.860945,73.77462,"2118-6",NA,NA,NA,3.422488,7,0,2016-07-10 16:00:00,-79.25491,-8.26442,2016-07-09 19:00:00
"756979","2118-6.97",-5105917,2272842,2118,6.1,30.68389,0,12.43211,0.1566667,0.161253,1.029275,30.68389,"2118-6",NA,NA,NA,3.422488,7,0,2016-07-10 16:10:00,-79.2539,-8.26195,2016-07-09 19:00:00
"756980","2118-6.98",-5105852,2273042,2118,0.8,331.6799,0,12.29562,0.1686111,0.0820127,0.4864015,28.32009,"2118-6",NA,NA,NA,3.422488,7,0,2016-07-10 16:20:00,-79.25411,-8.260327,2016-07-09 19:00:00
"756981","2118-6.99",-5105844,2273214,2118,1.4,320.4317,0,12.28128,0.1377778,0.05155337,0.3741777,39.56829,"2118-6",NA,NA,NA,3.422488,7,0,2016-07-10 16:30:00,-79.25471,-8.259426,2016-07-09 19:00:00
"756982","2118-6.100",-5105841,2273370,2118,1.2,324.7443,0,12.26241,0.1452778,0.0566622,0.3900266,35.25569,"2118-6",NA,NA,NA,0.5415278,7,0,2016-07-10 16:40:00,-79.25529,-8.258647,2016-07-09 19:00:00
"756983","2118-6.101",-5105866,2273548,2118,0.7,299.3088,0,12.26457,0.1513889,0.06654652,0.4395733,60.69123,"2118-6",NA,NA,NA,0.5415278,7,0,2016-07-10 16:50:00,-79.25621,-8.25805,2016-07-09 19:00:00
"756984","2118-6.102",-5105845,2273816,2118,1.8,332.2042,0,12.21762,0.1569444,0.1112074,0.7085779,27.79577,"2118-6",NA,NA,NA,0.5415278,7,0,2016-07-10 17:00:00,-79.25707,-8.256553,2016-07-09 19:00:00
"756985","2118-6.103",-5105773,2274157,2118,0.5,343.6381,0,12.11625,0.1444444,0.1805606,1.250035,16.36191,"2118-6",NA,NA,NA,0.5415278,7,0,2016-07-10 17:10:00,-79.25777,-8.254199,2016-07-09 19:00:00
"756986","2118-6.104",-5105848,2273761,2118,0.7,162.2462,0,12.24156,0.1419444,0.2298199,1.619083,162.2462,"2118-6",NA,NA,NA,0.5415278,7,0,2016-07-10 17:20:00,-79.25688,-8.256841,2016-07-09 19:00:00
"756987","2118-6.105",-5105820,2273986,2118,0.9,347.177,0,12.18974,0.15,0.08479077,0.5652718,12.82299,"2118-6",NA,NA,NA,0.5415278,7,0,2016-07-10 17:30:00,-79.25751,-8.255487,2016-07-09 19:00:00
"756988","2118-6.106",-5105837,2274169,2118,1.9,315.2744,0,12.16954,0.1686111,0.1118649,0.6634494,44.72556,"2118-6",NA,NA,NA,0.5415278,7,0,2016-07-10 17:40:00,-79.25838,-8.25478,2016-07-09 19:00:00
"756989","2118-6.107",-5105843,2274325,2118,1.4,325.5835,0,12.15187,0.1358333,0.1040938,0.7663351,34.41651,"2118-6",NA,NA,NA,0.5415278,7,0,2016-07-10 17:50:00,-79.25905,-8.254105,2016-07-09 19:00:00
"756990","2118-6.108",-5105855,2274612,2118,2.4,310.5524,0,12.1411,0.1686111,0.111799,0.6630583,49.44759,"2118-6",NA,NA,NA,0.5415278,7,0,2016-07-10 18:00:00,-79.26028,-8.252857,2016-07-09 19:00:00
"756991","2118-6.109",-5105864,2274974,2118,1.8,320.4685,0,12.1062,0.1563889,0.1545631,0.9883256,39.53146,"2118-6",NA,NA,NA,0.5415278,7,0,2016-07-10 18:10:00,-79.26177,-8.251212,2016-07-09 19:00:00
"756992","2118-6.110",-5105651,2276349,2118,3.2,339.7067,0,11.79264,0.1472222,0.6831856,4.640506,20.29333,"2118-6",NA,NA,NA,0.5415278,7,0,2016-07-10 18:20:00,-79.26527,-8.242481,2016-07-09 19:00:00
"756993","2118-6.111",-5105616,2277131,2118,1.1,319.2708,0,11.76353,0.1327778,0.2010302,1.514035,40.72923,"2118-6",NA,NA,NA,0.5415278,7,0,2016-07-10 18:30:00,-79.26802,-8.238383,2016-07-09 19:00:00
"756994","2118-6.112",-5105683,2277534,2118,1.9,315.297,0,11.75011,0.1522222,0.1863334,1.224088,44.70304,"2118-6",NA,NA,NA,0.5415278,7,0,2016-07-10 18:40:00,-79.27019,-8.237139,2016-07-09 19:00:00
"756995","2118-6.113",-5106080,2277479,2118,2.3,204.006,0,11.97883,0.1461111,0.2472187,1.691991,155.994,"2118-6",NA,NA,NA,0.5415278,7,0,2016-07-10 18:50:00,-79.27349,-8.241438,2016-07-09 19:00:00
"756996","2118-6.114",-5106451,2277987,2118,3.5,242.0731,0,12.32549,0.1497222,0.3767342,2.516221,117.9269,"2118-6",NA,NA,NA,0.5415278,7,0,2016-07-10 19:00:00,-79.27876,-8.242779,2016-07-09 19:00:00
"756997","2118-6.115",-5106458,2278558,2118,1.1,314.024,0,12.31855,0.1452778,0.2095582,1.442465,45.97595,"2118-6",NA,NA,NA,0.5415278,7,0,2016-07-10 19:10:00,-79.28106,-8.240113,2016-07-09 19:00:00
"756998","2118-6.116",-5106438,2279098,2118,2.3,324.9843,0,12.24645,0.1458333,0.1936233,1.327703,35.01571,"2118-6",NA,NA,NA,0.5415278,7,0,2016-07-10 19:20:00,-79.283,-8.237334,2016-07-09 19:00:00
"756999","2118-6.117",-5106423,2279653,2118,0.5,323.798,0,12.22332,0.1347222,0.1884682,1.398939,36.20199,"2118-6",NA,NA,NA,0.5415278,7,0,2016-07-10 19:30:00,-79.28503,-8.234531,2016-07-09 19:00:00
"757000","2118-6.118",-5106246,2280847,2118,7.4,339.0736,0,12.03428,0.1663889,0.6105054,3.669148,20.92635,"2118-6",NA,NA,NA,0.5415278,7,0,2016-07-10 19:40:00,-79.28815,-8.227039,2016-07-09 19:00:00
"757001","2118-6.119",-5105749,2283199,2118,7.1,344.31,0,11.70073,0.1405556,1.031061,7.335612,15.68997,"2118-6",NA,NA,NA,0.5415278,7,0,2016-07-10 19:50:00,-79.29297,-8.210764,2016-07-09 19:00:00
"757002","2118-6.120",-5104972,2285435,2118,6.6,354.9158,0,11.25624,0.1597222,1.110931,6.955394,5.084247,"2118-6",NA,NA,NA,0.5415278,7,0,2016-07-10 20:00:00,-79.29486,-8.192202,2016-07-09 19:00:00
"757003","2118-6.121",-5104607,2286388,2118,5,356.9706,0,11.08353,0.1480556,0.4638525,3.132963,3.029388,"2118-6",NA,NA,NA,0.5415278,7,0,2016-07-10 20:10:00,-79.29537,-8.183941,2016-07-09 19:00:00
"757004","2118-6.122",-5104475,2286659,2118,3.4,349.6809,0,11.02695,0.1586111,0.2438297,1.53728,10.31913,"2118-6",NA,NA,NA,0.5415278,7,0,2016-07-10 20:20:00,-79.29527,-8.181312,2016-07-09 19:00:00
"757005","2118-6.123",-5104554,2285944,2118,5.3,138.3755,0,10.93164,0.1391667,0.4339384,3.118121,138.3755,"2118-6",NA,NA,NA,0.5415278,7,0,2016-07-10 20:30:00,-79.29316,-8.185527,2016-07-09 19:00:00
"757006","2118-6.124",-5104759,2286732,2118,3.6,265.284,0,11.17888,0.1586111,0.2872207,1.810849,94.71598,"2118-6",NA,NA,NA,0.5415278,7,0,2016-07-10 20:40:00,-79.29807,-8.183843,2016-07-09 19:00:00
"757007","2118-6.125",-5104725,2287532,2118,0.6,339.9644,0,11.25006,0.1294444,0.1307472,1.010065,20.03559,"2118-6",NA,NA,NA,0.5415278,7,0,2016-07-10 20:50:00,-79.30091,-8.179691,2016-07-09 19:00:00
"757008","2118-6.126",-5104666,2287919,2118,1.9,337.2772,0,11.2496,0.1766667,0.1831937,1.036945,22.7228,"2118-6",NA,NA,NA,0.5415278,7,0,2016-07-10 21:00:00,-79.3019,-8.17724,2016-07-09 19:00:00
"757009","2118-6.127",-5104611,2288320,2118,1.7,335.7971,0,11.25502,0.1483333,0.1571686,1.059564,24.20286,"2118-6",NA,NA,NA,0.5415278,7,0,2016-07-10 21:10:00,-79.30299,-8.174776,2016-07-09 19:00:00
"757010","2118-6.128",-5104996,2287300,2118,5.6,174.5687,0,11.43208,0.1333333,0.6500579,4.875434,174.5687,"2118-6",NA,NA,NA,0.5415278,7,0,2016-07-10 21:20:00,-79.30239,-8.183547,2016-07-09 19:00:00
"757011","2118-6.129",-5105129,2287482,2118,1.6,283.5313,0,11.52454,0.1638889,0.1339706,0.8174477,76.46868,"2118-6",NA,NA,NA,0.5415278,7,0,2016-07-10 21:30:00,-79.30428,-8.184029,2016-07-09 19:00:00
"757012","2118-6.130",-5105152,2287717,2118,0.6,319.1044,0,11.55824,0.1377778,0.1401138,1.016955,40.89563,"2118-6",NA,NA,NA,0.5415278,7,0,2016-07-10 21:40:00,-79.30541,-8.183142,2016-07-09 19:00:00
"757013","2118-6.131",-5105281,2286478,2118,5.9,152.6018,0,11.54259,0.165,0.4647674,2.816772,152.6018,"2118-6",NA,NA,NA,0.5415278,7,0,2016-07-10 21:50:00,-79.30169,-8.190368,2016-07-09 19:00:00
"757014","2118-6.132",-5105505,2284243,2118,5.2,154.364,0,11.57358,0.1252778,0.7173729,5.726258,154.364,"2118-6",NA,NA,NA,0.5415278,7,0,2016-07-10 22:00:00,-79.2949,-8.203297,2016-07-09 19:00:00
"757015","2118-6.133",-5105605,2281905,2118,5.3,149.4435,0,11.60814,0.1516667,0.8707927,5.74149,149.4435,"2118-6",NA,NA,NA,0.5415278,7,0,2016-07-10 22:10:00,-79.28662,-8.21547,2016-07-09 19:00:00
"757016","2118-6.134",-5105629,2279438,2118,6.4,141.9446,0,11.70116,0.1497222,0.9244844,6.174664,141.9446,"2118-6",NA,NA,NA,0.5415278,7,0,2016-07-10 22:20:00,-79.27717,-8.227489,2016-07-09 19:00:00
"757017","2118-6.135",-5105525,2277911,2118,2.7,117.6513,0,11.62007,0.1705556,0.3917935,2.29716,117.6513,"2118-6",NA,NA,NA,0.5415278,7,0,2016-07-10 22:30:00,-79.27027,-8.233728,2016-07-09 19:00:00
"757018","2118-6.136",-5105452,2277813,2118,1.3,322.3925,0,11.59614,0.1366667,0.1503448,1.100084,37.60752,"2118-6",NA,NA,NA,0.5415278,7,0,2016-07-10 22:40:00,-79.26924,-8.233465,2016-07-09 19:00:00
"757019","2118-6.137",-5105459,2278284,2118,1.2,318.4744,0,11.58101,0.145,0.1680958,1.159281,41.52558,"2118-6",NA,NA,NA,0.5415278,7,0,2016-07-10 22:50:00,-79.27114,-8.231278,2016-07-09 19:00:00
"757020","2118-6.138",-5105479,2278746,2118,1.7,315.2964,0,11.57595,0.1508333,0.1676879,1.111743,44.70356,"2118-6",NA,NA,NA,0.5415278,7,0,2016-07-10 23:00:00,-79.27312,-8.229273,2016-07-09 19:00:00
"757021","2118-6.139",-5105487,2279185,2118,1.2,318.4742,0,11.56567,0.1580556,0.1680898,1.063485,41.52585,"2118-6",NA,NA,NA,0.5415278,7,0,2016-07-10 23:10:00,-79.27492,-8.227265,2016-07-09 19:00:00
"757022","2118-6.140",-5105490,2279641,2118,0.5,318.6604,0,11.55777,0.1441667,0.1587813,1.101373,41.33957,"2118-6",NA,NA,NA,0.5415278,7,0,2016-07-10 23:20:00,-79.27673,-8.225107,2016-07-09 19:00:00
"757023","2118-6.141",-5105472,2280112,2118,0.5,326.5827,0,11.53302,0.1419444,0.1660012,1.16948,33.41733,"2118-6",NA,NA,NA,0.5415278,7,0,2016-07-10 23:30:00,-79.27842,-8.222686,2016-07-09 19:00:00
"757024","2118-6.142",-5105459,2280584,2118,1.1,322.9809,0,11.51857,0.1497222,0.1739635,1.161908,37.01906,"2118-6",NA,NA,NA,0.5415278,7,0,2016-07-10 23:40:00,-79.28015,-8.220295,2016-07-09 19:00:00
"757025","2118-6.143",-5105445,2281043,2118,1.8,322.3914,0,11.48988,0.1386111,0.150321,1.08448,37.60863,"2118-6",NA,NA,NA,0.5415278,7,0,2016-07-10 23:50:00,-79.28183,-8.217966,2016-07-09 19:00:00
"757026","2118-6.144",-5105448,2281507,2118,1.4,318.6597,0,11.49359,0.1361111,0.1587652,1.166438,41.34031,"2118-6",NA,NA,NA,0.5415278,7,0,2016-07-11 00:00:00,-79.28368,-8.215778,2016-07-10 19:00:00
"757027","2118-6.145",-5105450,2281968,2118,2.3,320.9997,0,11.49451,0.1686111,0.1873771,1.111297,39.00026,"2118-6",NA,NA,NA,0.5415278,7,0,2016-07-11 00:10:00,-79.28549,-8.213597,2016-07-10 19:00:00
"757028","2118-6.146",-5105453,2282420,2118,2,319.9265,0,11.50072,0.1572222,0.1730418,1.100619,40.07349,"2118-6",NA,NA,NA,0.5415278,7,0,2016-07-11 00:20:00,-79.28729,-8.211464,2016-07-10 19:00:00
"757029","2118-6.147",-5105465,2282880,2118,1.9,316.931,0,11.51594,0.1461111,0.1631585,1.116674,43.06899,"2118-6",NA,NA,NA,0.5415278,7,0,2016-07-11 00:30:00,-79.28921,-8.209399,2016-07-10 19:00:00
"757030","2118-6.148",-5105476,2283330,2118,1.9,317.1608,0,11.53085,0.1330556,0.1444891,1.085931,42.83915,"2118-6",NA,NA,NA,0.5415278,7,0,2016-07-11 00:40:00,-79.29107,-8.207362,2016-07-10 19:00:00
"757031","2118-6.149",-5105470,2283782,2118,0,321.6274,0,11.53978,0.1513889,0.1688045,1.115039,38.37256,"2118-6",NA,NA,NA,0.5415278,7,0,2016-07-11 00:50:00,-79.29279,-8.205145,2016-07-10 19:00:00
"757032","2118-6.150",-5105463,2284220,2118,1.8,325.2843,0,11.54212,0.1472222,0.16067,1.091343,34.71568,"2118-6",NA,NA,NA,0.5415278,7,0,2016-07-11 01:00:00,-79.29444,-8.202978,2016-07-10 19:00:00
"757033","2118-6.151",-5105471,2284663,2118,0.6,318.6408,0,11.5834,0.145,0.1587851,1.09507,41.35915,"2118-6",NA,NA,NA,0.5415278,7,0,2016-07-11 01:10:00,-79.29625,-8.200948,2016-07-10 19:00:00
"757034","2118-6.152",-5105470,2285105,2118,1.2,322.5901,0,11.60083,0.1713889,0.1831824,1.068812,37.40993,"2118-6",NA,NA,NA,0.5415278,7,0,2016-07-11 01:20:00,-79.29798,-8.198838,2016-07-10 19:00:00
"757035","2118-6.153",-5105461,2285522,2118,2.4,324.4411,0,11.61292,0.1463889,0.1461821,0.9985871,35.55894,"2118-6",NA,NA,NA,0.5415278,7,0,2016-07-11 01:30:00,-79.29953,-8.196749,2016-07-10 19:00:00
"757036","2118-6.154",-5105462,2285962,2118,1.2,318.8867,0,11.63895,0.135,0.1493879,1.106577,41.11327,"2118-6",NA,NA,NA,0.5415278,7,0,2016-07-11 01:40:00,-79.30126,-8.194666,2016-07-10 19:00:00
"757037","2118-6.155",-5105457,2286392,2118,1.3,322.9789,0,11.66152,0.1658333,0.173913,1.048722,37.02108,"2118-6",NA,NA,NA,0.5415278,7,0,2016-07-11 01:50:00,-79.3029,-8.192557,2016-07-10 19:00:00
"757038","2118-6.156",-5105451,2286827,2118,1.5,322.3895,0,11.68433,0.1405556,0.1502812,1.069195,37.61049,"2118-6",NA,NA,NA,0.5415278,7,0,2016-07-11 02:00:00,-79.30456,-8.190428,2016-07-10 19:00:00
"757039","2118-6.157",-5105452,2287267,2118,1.6,319.9415,0,11.71887,0.1611111,0.1729605,1.073548,40.05849,"2118-6",NA,NA,NA,0.5415278,7,0,2016-07-11 02:10:00,-79.30629,-8.188336,2016-07-10 19:00:00
"757040","2118-6.158",-5105418,2287690,2118,1.9,330.5072,0,11.72878,0.1461111,0.1584673,1.084567,29.49277,"2118-6",NA,NA,NA,0.5415278,7,0,2016-07-11 02:20:00,-79.30766,-8.185977,2016-07-10 19:00:00
"757041","2118-6.159",-5105392,2288095,2118,1.8,328.5024,0,11.74582,0.1586111,0.1621342,1.022212,31.49761,"2118-6",NA,NA,NA,0.5415278,7,0,2016-07-11 02:30:00,-79.30902,-8.183783,2016-07-10 19:00:00
"757042","2118-6.160",-5105366,2288503,2118,2.1,328.8076,0,11.76151,0.1391667,0.1384742,0.9950245,31.1924,"2118-6",NA,NA,NA,0.5415278,7,0,2016-07-11 02:40:00,-79.31039,-8.181572,2016-07-10 19:00:00
"757043","2118-6.161",-5105347,2288918,2118,2.1,324.419,0,11.81509,0.1480556,0.146196,0.9874403,35.58098,"2118-6",NA,NA,NA,0.5415278,7,0,2016-07-11 02:50:00,-79.31185,-8.179398,2016-07-10 19:00:00
"757044","2118-6.162",-5105322,2289323,2118,1.1,331.2174,0,11.83075,0.1294444,0.1347579,1.041048,28.78256,"2118-6",NA,NA,NA,0.5415278,7,0,2016-07-11 03:00:00,-79.31322,-8.17721,2016-07-10 19:00:00
"757045","2118-6.163",-5105364,2289075,2118,5.3,157.7436,0,11.82722,0.1772222,0.2034705,1.148109,157.7436,"2118-6",NA,NA,NA,0.5415278,7,0,2016-07-11 03:10:00,-79.31262,-8.178827,2016-07-10 19:00:00
"757046","2118-6.164",-5105483,2287426,2118,4.6,148.6542,0,11.74036,0.1497222,0.8015248,5.353412,148.6542,"2118-6",NA,NA,NA,0.5415278,7,0,2016-07-11 03:20:00,-79.30719,-8.187897,2016-07-10 19:00:00
"757047","2118-6.165",-5105678,2285323,2118,5,151.803,0,11.74137,0.1327778,0.7143124,5.379759,151.803,"2118-6",NA,NA,NA,0.5415278,7,0,2016-07-11 03:30:00,-79.30067,-8.199902,2016-07-10 19:00:00
"757048","2118-6.166",-5106258,2283633,2118,5,174.1825,0,12.07839,0.1625,0.851799,5.24184,174.1825,"2118-6",NA,NA,NA,0.5415278,7,0,2016-07-11 03:40:00,-79.29917,-8.213858,2016-07-10 19:00:00
"757049","2118-6.167",-5106713,2281807,2118,5.4,168.9901,0,12.36172,0.1383333,0.7541166,5.451445,168.9901,"2118-6",NA,NA,NA,0.5415278,7,0,2016-07-11 03:50:00,-79.29604,-8.227194,2016-07-10 19:00:00
"757050","2118-6.168",-5106901,2280602,2118,1.5,157.475,0,12.55629,0.1652778,0.7388959,4.470631,157.475,"2118-6",NA,NA,NA,0.5415278,7,0,2016-07-11 04:00:00,-79.29299,-8.234864,2016-07-10 19:00:00
"757051","2118-6.169",-5106885,2281072,2118,1.3,326.0064,0,12.52281,0.15,0.1751812,1.167875,33.99356,"2118-6",NA,NA,NA,0.5415278,7,0,2016-07-11 04:10:00,-79.29468,-8.232451,2016-07-10 19:00:00
"757052","2118-6.170",-5106854,2281557,2118,0.6,330.2579,0,12.49229,0.1563889,0.1968381,1.258645,29.74212,"2118-6",NA,NA,NA,0.5415278,7,0,2016-07-11 04:20:00,-79.29631,-8.229821,2016-07-10 19:00:00
"757053","2118-6.171",-5106822,2282083,2118,1.9,327.0923,0,12.47314,0.1505556,0.2042539,1.356668,32.9077,"2118-6",NA,NA,NA,0.5415278,7,0,2016-07-11 04:30:00,-79.29809,-8.226982,2016-07-10 19:00:00
"757054","2118-6.172",-5106798,2282632,2118,1.8,325.6972,0,12.46007,0.1697222,0.2318044,1.365787,34.30275,"2118-6",NA,NA,NA,2.083461,7,0,2016-07-11 04:40:00,-79.30003,-8.224126,2016-07-10 19:00:00
"757055","2118-6.173",-5106787,2283197,2118,1.4,322.2398,0,12.46206,0.1372222,0.192497,1.402812,37.76021,"2118-6",NA,NA,NA,2.083461,7,0,2016-07-11 04:50:00,-79.30215,-8.221317,2016-07-10 19:00:00
"757056","2118-6.174",-5106782,2283770,2118,1.1,321.9053,0,12.46829,0.1441667,0.2018054,1.399806,38.09467,"2118-6",NA,NA,NA,2.083461,7,0,2016-07-11 05:00:00,-79.30435,-8.218533,2016-07-10 19:00:00
"757057","2118-6.175",-5106773,2284400,2118,1.6,322.1295,0,12.47888,0.1511111,0.2346928,1.553114,37.87049,"2118-6",NA,NA,NA,2.083461,7,0,2016-07-11 05:10:00,-79.30674,-8.215437,2016-07-10 19:00:00
"757058","2118-6.176",-5106745,2285004,2118,2.5,326.5951,0,12.47882,0.1583333,0.237088,1.497398,33.40488,"2118-6",NA,NA,NA,2.083461,7,0,2016-07-11 05:20:00,-79.30886,-8.212267,2016-07-10 19:00:00
"757059","2118-6.177",-5106721,2285621,2118,0.9,326.1,0,12.48444,0.1444444,0.2226443,1.541384,33.89998,"2118-6",NA,NA,NA,2.083461,7,0,2016-07-11 05:30:00,-79.31107,-8.209086,2016-07-10 19:00:00
"757060","2118-6.178",-5106703,2286218,2118,0.9,324.1223,0,12.49951,0.1413889,0.212074,1.499934,35.87768,"2118-6",NA,NA,NA,2.083461,7,0,2016-07-11 05:40:00,-79.31325,-8.20605,2016-07-10 19:00:00
"757061","2118-6.179",-5106917,2286833,2118,5.3,259.837,0,12.83959,0.1694444,0.3612326,2.131864,100.163,"2118-6",NA,NA,NA,2.083461,7,0,2016-07-11 05:50:00,-79.31755,-8.205295,2016-07-10 19:00:00
"757062","2118-6.180",-5107746,2287514,2118,5.8,236.6306,0,13.56511,0.1388889,0.7255786,5.224166,123.3694,"2118-6",NA,NA,NA,2.083461,7,0,2016-07-11 06:00:00,-79.32757,-8.210472,2016-07-10 19:00:00
"757063","2118-6.181",-5108999,2288480,2118,6.5,242.8339,0,14.33438,0.1355556,0.7742459,5.71165,117.1661,"2118-6",NA,NA,NA,2.083461,7,0,2016-07-11 06:10:00,-79.34244,-8.218608,2016-07-10 19:00:00
"757064","2118-6.182",-5109886,2290972,2118,7.2,283.4255,0,15.12292,0.1694444,1.160835,6.850828,76.57451,"2118-6",NA,NA,NA,2.083461,7,0,2016-07-11 06:20:00,-79.36007,-8.215749,2016-07-10 19:00:00
"757065","2118-6.183",-5110383,2293726,2118,6.1,300.4855,0,15.66169,0.1563889,1.041949,6.662549,59.51451,"2118-6",NA,NA,NA,2.083461,7,0,2016-07-11 06:30:00,-79.37529,-8.20769,2016-07-10 19:00:00
"757066","2118-6.184",-5111094,2294931,2118,4.7,258.6902,0,16.19547,0.1466667,0.5592338,3.812958,101.3098,"2118-6",NA,NA,NA,2.083461,7,0,2016-07-11 06:40:00,-79.38632,-8.209189,2016-07-10 19:00:00
"757067","2118-6.185",-5111637,2295849,2118,6.4,245.4004,0,16.58218,0.1322222,0.3869606,2.926593,114.5996,"2118-6",NA,NA,NA,2.083461,7,0,2016-07-11 06:50:00,-79.39473,-8.210347,2016-07-10 19:00:00
"757068","2118-6.186",-5111755,2297651,2118,6.9,302.8681,0,16.93778,0.1525,0.6638413,4.353058,57.13186,"2118-6",NA,NA,NA,2.083461,7,0,2016-07-11 07:00:00,-79.40285,-8.202973,2016-07-10 19:00:00
"757069","2118-6.187",-5111443,2299312,2118,5.9,352.8789,0,17.00132,0.15,0.6997588,4.665059,7.121072,"2118-6",NA,NA,NA,2.083461,7,0,2016-07-11 07:10:00,-79.40662,-8.191906,2016-07-10 19:00:00
"757070","2118-6.188",-5111182,2300368,2118,2.4,333.0216,0,17.06064,0.1444444,0.2571055,1.779961,26.97837,"2118-6",NA,NA,NA,2.083461,7,0,2016-07-11 07:20:00,-79.40847,-8.184232,2016-07-10 19:00:00
"757071","2118-6.189",-5111094,2299875,2118,5,128.9466,0,16.83173,0.1727778,0.4196923,2.429087,128.9466,"2118-6",NA,NA,NA,2.083461,7,0,2016-07-11 07:30:00,-79.40575,-8.185682,2016-07-10 19:00:00
"757072","2118-6.190",-5110929,2298198,2118,4.7,128.1138,0,16.45695,0.1455556,0.704754,4.841822,128.1138,"2118-6",NA,NA,NA,2.083461,7,0,2016-07-11 07:40:00,-79.39769,-8.191975,2016-07-10 19:00:00
"757073","2118-6.191",-5110671,2296224,2118,4.8,123.1456,0,16.09888,0.135,0.6351351,4.704704,123.1456,"2118-6",NA,NA,NA,2.083461,7,0,2016-07-11 07:50:00,-79.38765,-8.198736,2016-07-10 19:00:00
"757074","2118-6.192",-5110633,2294279,2118,4.9,138.6994,0,15.8407,0.1661111,0.7845105,4.722806,138.6994,"2118-6",NA,NA,NA,2.083461,7,0,2016-07-11 08:00:00,-79.37967,-8.207606,2016-07-10 19:00:00
"757075","2118-6.193",-5110469,2292073,2118,5.4,130.9461,0,15.55282,0.1394444,0.7360107,5.278164,130.9461,"2118-6",NA,NA,NA,2.083461,7,0,2016-07-11 08:10:00,-79.36956,-8.216436,2016-07-10 19:00:00
"757076","2118-6.194",-5110339,2289804,2118,5.8,133.1776,0,15.27501,0.1608333,0.8799189,5.470999,133.1776,"2118-6",NA,NA,NA,2.083461,7,0,2016-07-11 08:20:00,-79.3595,-8.22592,2016-07-10 19:00:00
"757077","2118-6.195",-5110251,2287545,2118,6.2,135.6321,0,15.09071,0.1472222,0.7967109,5.411621,135.6321,"2118-6",NA,NA,NA,2.083461,7,0,2016-07-11 08:30:00,-79.34986,-8.235789,2016-07-10 19:00:00
"757078","2118-6.196",-5110091,2285496,2118,5.1,136.8127,0,14.94845,0.1586111,0.8812988,5.55635,136.8127,"2118-6",NA,NA,NA,2.083461,7,0,2016-07-11 08:40:00,-79.34041,-8.243923,2016-07-10 19:00:00
"757079","2118-6.197",-5109935,2283451,2118,5.6,141.5713,0,14.72334,0.1591667,0.9804347,6.159799,141.5713,"2118-6",NA,NA,NA,2.083461,7,0,2016-07-11 08:50:00,-79.33101,-8.252093,2016-07-10 19:00:00
"757080","2118-6.198",-5109913,2281683,2118,5.6,135.3055,0,14.70629,0.1480556,0.4100126,2.769316,135.3055,"2118-6",NA,NA,NA,2.083461,7,0,2016-07-11 09:00:00,-79.32389,-8.260308,2016-07-10 19:00:00
"757081","2118-6.199",-5109568,2281339,2118,5.7,37.01657,0,14.42518,0.1294444,0.2882234,2.226619,37.01657,"2118-6",NA,NA,NA,2.083461,7,0,2016-07-11 09:10:00,-79.31949,-8.25844,2016-07-10 19:00:00
"757082","2118-6.200",-5109289,2281886,2118,0.5,358.0455,0,14.22339,0.1775,0.3573128,2.01303,1.954502,"2118-6",NA,NA,NA,2.083461,7,0,2016-07-11 09:20:00,-79.31917,-8.252998,2016-07-10 19:00:00
"757083","2118-6.201",-5109219,2281984,2118,0.5,56.12249,0,14.20405,0.1491667,0.01959336,0.1313521,56.12249,"2118-6",NA,NA,NA,2.083461,7,0,2016-07-11 09:30:00,-79.31893,-8.251817,2016-07-10 19:00:00
"757084","2118-6.202",-5109192,2282032,2118,0.6,13.76294,0,14.18577,0.1330556,0.02402566,0.1805686,13.76294,"2118-6",NA,NA,NA,2.083461,7,0,2016-07-11 09:40:00,-79.31888,-8.251311,2016-07-10 19:00:00
"757085","2118-6.203",-5109189,2282191,2118,0.8,319.7401,0,14.18529,0.1625,0.06076419,0.3739335,40.25986,"2118-6",NA,NA,NA,2.083461,7,0,2016-07-11 09:50:00,-79.31947,-8.250521,2016-07-10 19:00:00
"757086","2118-6.204",-5109170,2282391,2118,1,338.4033,0,14.16635,0.1383333,0.06980266,0.5045976,21.59668,"2118-6",NA,NA,NA,2.083461,7,0,2016-07-11 10:00:00,-79.32009,-8.249378,2016-07-10 19:00:00
"757087","2118-6.205",-5109171,2282635,2118,0,318.3089,0,14.16835,0.165,0.08872331,0.537717,41.69114,"2118-6",NA,NA,NA,2.083461,7,0,2016-07-11 10:10:00,-79.32105,-8.248223,2016-07-10 19:00:00
"757088","2118-6.206",-5109165,2283006,2118,0.6,322.0175,0,14.16086,0.1502778,0.1595657,1.061805,37.98245,"2118-6",NA,NA,NA,2.083461,7,0,2016-07-11 10:20:00,-79.32245,-8.246395,2016-07-10 19:00:00
"757089","2118-6.207",-5109146,2283499,2118,1.1,327.078,0,14.14545,0.1563889,0.2043367,1.306594,32.92195,"2118-6",NA,NA,NA,2.083461,7,0,2016-07-11 10:30:00,-79.32421,-8.243843,2016-07-10 19:00:00
"757090","2118-6.208",-5109126,2284019,2118,2.4,324.9846,0,14.13939,0.1508333,0.1936432,1.283822,35.0154,"2118-6",NA,NA,NA,2.083461,7,0,2016-07-11 10:40:00,-79.32607,-8.24116,2016-07-10 19:00:00
"757091","2118-6.209",-5109122,2284568,2118,0.8,321.1043,0,14.14842,0.1691667,0.2296974,1.357817,38.89574,"2118-6",NA,NA,NA,2.083461,7,0,2016-07-11 10:50:00,-79.32819,-8.238501,2016-07-10 19:00:00
"757092","2118-6.210",-5108728,2284602,2118,5,45.47477,0,13.8646,0.1366667,0.2868634,2.099,45.47477,"2118-6",NA,NA,NA,2.083461,7,0,2016-07-11 11:00:00,-79.32484,-8.234338,2016-07-10 19:00:00
"757093","2118-6.211",-5107822,2283511,2118,5.1,71.53644,0,13.24191,0.1452778,0.677172,4.661222,71.53644,"2118-6",NA,NA,NA,2.083461,7,0,2016-07-11 11:10:00,-79.31253,-8.230328,2016-07-10 19:00:00
"757094","2118-6.212",-5107329,2282980,2118,4.1,77.23988,0,12.95037,0.1513889,0.3380818,2.233201,77.23988,"2118-6",NA,NA,NA,2.083461,7,0,2016-07-11 11:20:00,-79.30609,-8.227858,2016-07-10 19:00:00
"757095","2118-6.213",-5106697,2282745,2118,3.4,46.10163,0,12.48244,0.1577778,0.4704224,2.98155,46.10163,"2118-6",NA,NA,NA,2.083461,7,0,2016-07-11 11:30:00,-79.29958,-8.222558,2016-07-10 19:00:00
"757096","2118-6.214",-5106272,2281928,2118,3.5,68.1821,0,12.18679,0.1444444,0.315999,2.187686,68.1821,"2118-6",NA,NA,NA,2.083461,7,0,2016-07-11 11:40:00,-79.29261,-8.222133,2016-07-10 19:00:00
"757097","2118-6.215",-5105677,2280482,2118,5.1,87.57012,0,11.47557,0.1511111,0.701423,4.64177,87.57012,"2118-6",NA,NA,NA,2.083461,7,0,2016-07-11 11:50:00,-79.28168,-8.222996,2016-07-10 19:00:00
"757098","2118-6.216",-5104980,2278667,2118,4.7,101.8376,0,11.07667,0.1683333,0.851595,5.05898,101.8376,"2118-6",NA,NA,NA,2.083461,7,0,2016-07-11 12:00:00,-79.2684,-8.224583,2016-07-10 19:00:00
"757099","2118-6.217",-5104661,2276593,2118,5.8,133.4248,0,11.11416,0.1380556,0.7123357,5.159775,133.4248,"2118-6",NA,NA,NA,2.083461,7,0,2016-07-11 12:10:00,-79.25746,-8.231258,2016-07-10 19:00:00
"757100","2118-6.218",-5104690,2274520,2118,4.6,144.9322,0,11.3057,0.1363889,0.6942632,5.090321,144.9322,"2118-6",NA,NA,NA,2.083461,7,0,2016-07-11 12:20:00,-79.2496,-8.24146,2016-07-10 19:00:00
"757101","2118-6.219",-5104784,2272519,2118,4.4,146.7043,0,11.61053,0.1694444,0.844742,4.985363,146.7043,"2118-6",NA,NA,NA,2.083461,7,0,2016-07-11 12:30:00,-79.24261,-8.251984,2016-07-10 19:00:00
"757102","2118-6.220",-5104766,2270368,2118,5.4,139.8466,0,11.88354,0.1569444,0.8233286,5.245988,139.8466,"2118-6",NA,NA,NA,2.083461,7,0,2016-07-11 12:40:00,-79.23403,-8.262091,2016-07-10 19:00:00
"757103","2118-6.221",-5104721,2268078,2118,5.9,137.6157,0,12.17574,0.1458333,0.8073557,5.536154,137.6157,"2118-6",NA,NA,NA,2.083461,7,0,2016-07-11 12:50:00,-79.22469,-8.272593,2016-07-10 19:00:00
"757104","2118-6.222",-5104707,2265756,2118,5.3,144.1121,0,12.55378,0.1325,0.7592001,5.729812,144.1121,"2118-6",NA,NA,NA,2.083461,7,0,2016-07-11 13:00:00,-79.21549,-8.283572,2016-07-10 19:00:00
"757105","2118-6.223",-5104546,2263409,2118,4.9,133.433,0,12.90758,0.1530556,0.8571075,5.599976,133.433,"2118-6",NA,NA,NA,2.083461,7,0,2016-07-11 13:10:00,-79.20491,-8.293191,2016-07-10 19:00:00
"757106","2118-6.224",-5104447,2260994,2118,4.9,139.5131,0,12.46861,0.1491667,0.8888616,5.958849,139.5131,"2118-6",NA,NA,NA,2.083461,7,0,2016-07-11 13:20:00,-79.19461,-8.303763,2016-07-10 19:00:00
"757107","2118-6.225",-5104293,2258501,2118,5.9,130.4346,0,12.03461,0.145,0.8766194,6.045651,130.4346,"2118-6",NA,NA,NA,2.083461,7,0,2016-07-11 13:30:00,-79.18352,-8.314157,2016-07-10 19:00:00
"757108","2118-6.226",-5104117,2255989,2118,6.3,132.9921,0,11.62043,0.1719444,1.039118,6.043336,132.9921,"2118-6",NA,NA,NA,2.083461,7,0,2016-07-11 13:40:00,-79.17218,-8.324427,2016-07-10 19:00:00
"757109","2118-6.227",-5103930,2253455,2118,5.9,131.7234,0,11.31256,0.1463889,0.8949763,6.11369,131.7234,"2118-6",NA,NA,NA,2.083461,7,0,2016-07-11 13:50:00,-79.16065,-8.334704,2016-07-10 19:00:00
"757110","2118-6.228",-5103842,2250934,2118,5.6,137.2603,0,11.14983,0.1347222,0.8216241,6.098653,137.2603,"2118-6",NA,NA,NA,2.083461,7,0,2016-07-11 14:00:00,-79.15006,-8.345916,2016-07-10 19:00:00
"757111","2118-6.229",-5103843,2248393,2118,5.5,141.2379,0,11.08748,0.1663889,1.037058,6.232737,141.2379,"2118-6",NA,NA,NA,2.083461,7,0,2016-07-11 14:10:00,-79.14019,-8.358142,2016-07-10 19:00:00
"757112","2118-6.230",-5103887,2245923,2118,5.8,143.1624,0,11.13201,0.1397222,0.8524171,6.100799,143.1624,"2118-6",NA,NA,NA,2.083461,7,0,2016-07-11 14:20:00,-79.13097,-8.370468,2016-07-10 19:00:00
"757113","2118-6.231",-5103959,2243498,2118,5.4,144.663,0,11.2823,0.1605556,0.973562,6.063708,144.663,"2118-6",NA,NA,NA,2.083461,7,0,2016-07-11 14:30:00,-79.12219,-8.382868,2016-07-10 19:00:00
"757114","2118-6.232",-5104036,2241153,2118,5.8,145.8687,0,11.49728,0.1469444,0.8628492,5.871942,145.8687,"2118-6",NA,NA,NA,2.083461,7,0,2016-07-11 14:40:00,-79.11377,-8.394945,2016-07-10 19:00:00
"757115","2118-6.233",-5104103,2238825,2118,5.6,145.2987,0,12.07918,0.1388889,0.804944,5.795597,145.2987,"2118-6",NA,NA,NA,2.083461,7,0,2016-07-11 14:50:00,-79.10533,-8.40684,2016-07-10 19:00:00
"757116","2118-6.234",-5104184,2236458,2118,5.9,145.8256,0,12.4978,0.1588889,0.943594,5.938703,145.8256,"2118-6",NA,NA,NA,2.083461,7,0,2016-07-11 15:00:00,-79.09687,-8.419067,2016-07-10 19:00:00
"757117","2118-6.235",-5104262,2234065,2118,5.8,145.3003,0,12.93528,0.1488889,0.8856373,5.94831,145.3003,"2118-6",NA,NA,NA,2.083461,7,0,2016-07-11 15:10:00,-79.0883,-8.431403,2016-07-10 19:00:00
"757118","2118-6.236",-5104295,2231710,2118,5.7,142.5124,0,13.3121,0.1291667,0.7437833,5.758322,142.5124,"2118-6",NA,NA,NA,2.083461,7,0,2016-07-11 15:20:00,-79.07946,-8.443089,2016-07-10 19:00:00
"757119","2118-6.237",-5104267,2229374,2118,4.9,140.0724,0,13.84372,0.1775,1.012702,5.705366,140.0724,"2118-6",NA,NA,NA,2.083461,7,0,2016-07-11 15:30:00,-79.07017,-8.454084,2016-07-10 19:00:00
"757120","2118-6.238",-5104259,2227050,2118,5.6,141.3185,0,14.81254,0.2822222,1.606742,5.69318,141.3185,"2118-6",NA,NA,NA,2.083461,7,0,2016-07-11 15:40:00,-79.06112,-8.465229,2016-07-10 19:00:00
"757121","2118-6.239",-5104269,2224723,2118,5.6,141.3185,0,14.81254,0.2822222,1.606742,5.69318,141.3185,"2118-6",NA,NA,NA,2.083461,7,0,2016-07-11 15:50:00,-79.0522,-8.47657,2016-07-10 19:00:00
"757122","2118-6.240",-5104336,2222376,2118,5.6,144.9421,0,15.46873,0.1630556,0.9468803,5.807102,144.9421,"2118-6",NA,NA,NA,2.083461,7,0,2016-07-11 16:00:00,-79.04374,-8.488604,2016-07-10 19:00:00
"757123","2118-6.241",-5104398,2220012,2118,5.3,145.8337,0,16.06464,0.1386111,0.8162124,5.888506,145.8337,"2118-6",NA,NA,NA,2.083461,7,0,2016-07-11 16:10:00,-79.03515,-8.500659,2016-07-10 19:00:00
"757124","2118-6.242",-5104438,2217681,2118,4,144.3917,0,17.30757,0.125,0.709416,5.675328,144.3917,"2118-6",NA,NA,NA,2.083461,7,0,2016-07-11 16:20:00,-79.02652,-8.512349,2016-07-10 19:00:00
"757125","2118-6.243",-5104518,2215382,2118,5.1,146.7233,0,18.00556,0.1513889,0.8707912,5.752015,146.7233,"2118-6",NA,NA,NA,2.083461,7,0,2016-07-11 16:30:00,-79.01836,-8.524294,2016-07-10 19:00:00
"757126","2118-6.244",-5104604,2213082,2118,5.2,146.1331,0,18.73225,0.1558333,0.8932691,5.732208,146.1331,"2118-6",NA,NA,NA,2.083461,7,0,2016-07-11 16:40:00,-79.01025,-8.536303,2016-07-10 19:00:00
"757127","2118-6.245",-5104673,2210801,2118,6,145.3843,0,19.4345,0.1508333,0.8535796,5.659091,145.3843,"2118-6",NA,NA,NA,2.083461,7,0,2016-07-11 16:50:00,-79.00209,-8.54806,2016-07-10 19:00:00
"757128","2118-6.246",-5104622,2208460,2118,5.2,138.6527,0,20.18925,0.1688889,0.9650499,5.714111,138.6527,"2118-6",NA,NA,NA,2.083461,7,0,2016-07-11 17:00:00,-78.99261,-8.558885,2016-07-10 19:00:00
"757129","2118-6.247",-5104691,2206180,2118,5.1,145.9359,0,20.8599,0.1383333,0.7838227,5.666188,145.9359,"2118-6",NA,NA,NA,2.083461,7,0,2016-07-11 17:10:00,-78.98445,-8.570647,2016-07-10 19:00:00
"757130","2118-6.248",-5104819,2203900,2118,5.8,148.6242,0,21.5921,0.1447222,0.8283622,5.723808,148.6242,"2118-6",NA,NA,NA,2.083461,7,0,2016-07-11 17:20:00,-78.97682,-8.583005,2016-07-10 19:00:00
"757131","2118-6.249",-5104924,2201582,2118,5.5,148.5083,0,22.3731,0.1508333,0.8761091,5.808458,148.5083,"2118-6",NA,NA,NA,2.083461,7,0,2016-07-11 17:30:00,-78.96886,-8.595333,2016-07-10 19:00:00
"757132","2118-6.250",-5105006,2199259,2118,5.2,145.0116,0,23.17516,0.1572222,0.9148605,5.818901,145.0116,"2118-6",NA,NA,NA,2.083461,7,0,2016-07-11 17:40:00,-78.96066,-8.607438,2016-07-10 19:00:00
"757133","2118-6.251",-5105063,2196954,2118,4.5,148.2344,0,23.92882,0.1447222,0.8324779,5.752247,148.2344,"2118-6",NA,NA,NA,2.083461,7,0,2016-07-11 17:50:00,-78.95232,-8.619221,2016-07-10 19:00:00
"757134","2118-6.252",-5105058,2194630,2118,5.6,141.7668,0,25.38605,0.2919444,1.66701,5.710024,141.7668,"2118-6",NA,NA,NA,2.083461,7,0,2016-07-11 18:00:00,-78.94335,-8.630469,2016-07-10 19:00:00
"757135","2118-6.253",-5105146,2192332,2118,6.3,148.3261,0,26.28478,0.1686111,0.9717937,5.763521,148.3261,"2118-6",NA,NA,NA,2.083461,7,0,2016-07-11 18:10:00,-78.93533,-8.642546,2016-07-10 19:00:00
"757136","2118-6.254",-5105281,2190070,2118,5.4,149.4906,0,27.03103,0.14,0.7977425,5.69816,149.4906,"2118-6",NA,NA,NA,2.083461,7,0,2016-07-11 18:20:00,-78.92786,-8.65492,2016-07-10 19:00:00
"757137","2118-6.255",-5105432,2187804,2118,4.9,151.5504,0,27.77071,0.1355556,0.7797264,5.75208,151.5504,"2118-6",NA,NA,NA,2.083461,7,0,2016-07-11 18:30:00,-78.92053,-8.66748,2016-07-10 19:00:00
"757138","2118-6.256",-5105300,2185368,2118,6.4,135.5991,0,26.77608,0.1688889,0.9964392,5.899969,135.5991,"2118-6",NA,NA,NA,2.083461,7,0,2016-07-11 18:40:00,-78.91003,-8.678022,2016-07-10 19:00:00
"757139","2118-6.257",-5105190,2182935,2118,5,133.6121,0,25.84424,0.1566667,0.935101,5.96873,133.6121,"2118-6",NA,NA,NA,2.083461,7,0,2016-07-11 18:50:00,-78.89974,-8.688761,2016-07-10 19:00:00
"757140","2118-6.258",-5105469,2180734,2118,6.2,157.0405,0,25.02692,0.1463889,0.8445551,5.769257,157.0405,"2118-6",NA,NA,NA,2.083461,7,0,2016-07-11 19:00:00,-78.89382,-8.702319,2016-07-10 19:00:00
"757141","2118-6.259",-5105783,2178532,2118,5.7,155.4101,0,24.27039,0.1325,0.7785632,5.875948,155.4101,"2118-6",NA,NA,NA,2.083461,7,0,2016-07-11 19:10:00,-78.8882,-8.716238,2016-07-10 19:00:00
"757142","2118-6.260",-5106128,2176344,2118,5.6,161.6342,0,23.42812,0.1525,0.8935206,5.859151,161.6342,"2118-6",NA,NA,NA,2.083461,7,0,2016-07-11 19:20:00,-78.88292,-8.730413,2016-07-10 19:00:00
"757143","2118-6.261",-5106443,2174118,2118,6.2,158.2333,0,21.75454,0.2963889,1.7558,5.923973,158.2333,"2118-6",NA,NA,NA,2.083461,7,0,2016-07-11 19:30:00,-78.87724,-8.744472,2016-07-10 19:00:00
"757144","2118-6.262",-5106724,2171895,2118,5.8,156.2418,0,20.93996,0.1458333,0.851458,5.838569,156.2418,"2118-6",NA,NA,NA,2.083461,7,0,2016-07-11 19:40:00,-78.87128,-8.758181,2016-07-10 19:00:00
"757145","2118-6.263",-5106927,2169631,2118,6.2,152.3579,0,19.97398,0.1711111,0.9971066,5.827246,152.3579,"2118-6",NA,NA,NA,2.083461,7,0,2016-07-11 19:50:00,-78.86446,-8.771294,2016-07-10 19:00:00
"757146","2118-6.264",-5107086,2167300,2118,5.4,150.1837,0,18.35073,0.2805556,1.669109,5.949299,150.1837,"2118-6",NA,NA,NA,2.083461,7,0,2016-07-11 20:00:00,-78.857,-8.784308,2016-07-10 19:00:00
"757147","2118-6.265",-5107234,2164951,2118,5.4,150.1837,0,18.35073,0.2805556,1.669109,5.949299,150.1837,"2118-6",NA,NA,NA,2.083461,7,0,2016-07-11 20:10:00,-78.84937,-8.797296,2016-07-10 19:00:00
"757148","2118-6.266",-5107356,2162563,2118,6.1,148.5017,0,17.37392,0.1669444,1.002588,6.005518,148.5017,"2118-6",NA,NA,NA,2.083461,7,0,2016-07-11 20:20:00,-78.84138,-8.810215,2016-07-10 19:00:00
"757149","2118-6.267",-5107482,2160146,2118,5.5,148.7374,0,15.60136,0.3,1.829493,6.098309,148.7374,"2118-6",NA,NA,NA,2.083461,7,0,2016-07-11 20:30:00,-78.83332,-8.823325,2016-07-10 19:00:00
"757150","2118-6.268",-5107620,2157725,2118,5.5,148.7374,0,15.60136,0.3,1.829493,6.098309,148.7374,"2118-6",NA,NA,NA,2.083461,7,0,2016-07-11 20:40:00,-78.82535,-8.836583,2016-07-10 19:00:00
"757151","2118-6.269",-5107742,2155278,2118,5,146.8425,0,13.78279,0.1594444,0.9837035,6.169569,146.8425,"2118-6",NA,NA,NA,2.083461,7,0,2016-07-11 20:50:00,-78.81716,-8.849815,2016-07-10 19:00:00
"757152","2118-6.270",-5107868,2152834,2118,6.4,150.3848,0,12.97001,0.1391667,0.8599962,6.179613,150.3848,"2118-6",NA,NA,NA,2.083461,7,0,2016-07-11 21:00:00,-78.80901,-8.863085,2016-07-10 19:00:00
"757153","2118-6.271",-5108032,2150405,2118,6,150.6497,0,12.04699,0.1594444,0.9865844,6.187637,150.6497,"2118-6",NA,NA,NA,2.083461,7,0,2016-07-11 21:10:00,-78.80126,-8.876657,2016-07-10 19:00:00
"757154","2118-6.272",-5108120,2147960,2118,5,145.7039,0,11.18245,0.1488889,0.9096628,6.109676,145.7039,"2118-6",NA,NA,NA,2.083461,7,0,2016-07-11 21:20:00,-78.79278,-8.889544,2016-07-10 19:00:00
"757155","2118-6.273",-5108202,2145509,2118,5.1,146.6337,0,10.44356,0.1283333,0.7878055,6.138744,146.6337,"2118-6",NA,NA,NA,2.083461,7,0,2016-07-11 21:30:00,-78.78424,-8.902417,2016-07-10 19:00:00
"757156","2118-6.274",-5108342,2143071,2118,5.7,149.5777,0,9.445407,0.1777778,1.098862,6.181097,149.5777,"2118-6",NA,NA,NA,2.083461,7,0,2016-07-11 21:40:00,-78.77626,-8.915821,2016-07-10 19:00:00
"757157","2118-6.275",-5108450,2140620,2118,6.3,148.5655,0,8.62431,0.1486111,0.9175983,6.174493,148.5655,"2118-6",NA,NA,NA,2.083461,7,0,2016-07-11 21:50:00,-78.76796,-8.928962,2016-07-10 19:00:00
"757158","2118-6.276",-5108480,2138131,2118,5.8,144.2072,0,7.883016,0.1333333,0.8212087,6.159065,144.2072,"2118-6",NA,NA,NA,2.083461,7,0,2016-07-11 22:00:00,-78.75882,-8.941505,2016-07-10 19:00:00
"757159","2118-6.277",-5108500,2135610,2118,6.3,144.3578,0,6.99134,0.1636111,1.016399,6.212289,144.3578,"2118-6",NA,NA,NA,2.083461,7,0,2016-07-11 22:10:00,-78.74948,-8.954119,2016-07-10 19:00:00
"757160","2118-6.278",-5108498,2133033,2118,4.5,142.7473,0,5.394542,0.1647222,1.055708,6.409022,142.7473,"2118-6",NA,NA,NA,2.083461,7,0,2016-07-11 22:20:00,-78.73973,-8.966786,2016-07-10 19:00:00
"757161","2118-6.279",-5108525,2130461,2118,6.1,145.4597,0,4.825092,0.1258333,0.8002449,6.359562,145.4597,"2118-6",NA,NA,NA,2.083461,7,0,2016-07-11 22:30:00,-78.73027,-8.979727,2016-07-10 19:00:00
"757162","2118-6.280",-5108578,2127901,2118,5.9,145.4372,0,4.239861,0.1505556,0.9623028,6.391679,145.4372,"2118-6",NA,NA,NA,2.083461,7,0,2016-07-11 22:40:00,-78.72109,-8.992887,2016-07-10 19:00:00
"757163","2118-6.281",-5108634,2125287,2118,5.6,145.6107,0,3.792092,0.1566667,1.024859,6.541654,145.6107,"2118-6",NA,NA,NA,2.083461,7,0,2016-07-11 22:50:00,-78.71175,-9.006354,2016-07-10 19:00:00
"757164","2118-6.282",-5108727,2122748,2118,6.3,147.7336,0,3.622728,0.1505556,0.9590869,6.370319,147.7336,"2118-6",NA,NA,NA,2.083461,7,0,2016-07-11 23:00:00,-78.70303,-9.01982,2016-07-10 19:00:00
"757165","2118-6.283",-5108667,2120196,2118,6.4,140.1764,0,3.61394,0.1694444,1.061064,6.262015,140.1764,"2118-6",NA,NA,NA,2.083461,7,0,2016-07-11 23:10:00,-78.69289,-9.031812,2016-07-10 19:00:00
"757166","2118-6.284",-5108562,2117664,2118,5.5,136.311,0,3.561618,0.1372222,0.8500073,6.194385,136.311,"2118-6",NA,NA,NA,2.083461,7,0,2016-07-11 23:20:00,-78.68243,-9.04326,2016-07-10 19:00:00
"757167","2118-6.285",-5108579,2115174,2118,5.7,144.9982,0,3.334787,0.145,0.8951223,6.173257,144.9982,"2118-6",NA,NA,NA,2.083461,7,0,2016-07-11 23:30:00,-78.67323,-9.055741,2016-07-10 19:00:00
"757168","2118-6.286",-5108394,2112617,2118,5.6,141.6911,0,3.303094,0.1511111,0.93627,6.195905,141.6911,"2118-6",NA,NA,NA,2.083461,7,0,2016-07-11 23:40:00,-78.66197,-9.066513,2016-07-10 19:00:00
"757169","2118-6.287",-5107928,2109971,2118,6.6,118.4438,0,1.749707,0.1452778,0.9490074,6.532364,118.4438,"2118-6",NA,NA,NA,2.083461,7,0,2016-07-11 23:50:00,-78.64787,-9.074906,2016-07-10 19:00:00
